[
  {
    "op": "core/text-transform",
    "description": "Text transform on cells in column id using expression value.toNumber()",
    "engineConfig": {
      "facets": [],
      "mode": "row-based"
    },
    "columnName": "id",
    "expression": "value.toNumber()",
    "onError": "keep-original",
    "repeat": false,
    "repeatCount": 10
  },
  {
    "op": "core/text-transform",
    "description": "Text transform on cells in column menu_id using expression value.toNumber()",
    "engineConfig": {
      "facets": [],
      "mode": "row-based"
    },
    "columnName": "menu_id",
    "expression": "value.toNumber()",
    "onError": "keep-original",
    "repeat": false,
    "repeatCount": 10
  },
  {
    "op": "core/text-transform",
    "description": "Text transform on cells in column page_number using expression value.toNumber()",
    "engineConfig": {
      "facets": [],
      "mode": "row-based"
    },
    "columnName": "page_number",
    "expression": "value.toNumber()",
    "onError": "keep-original",
    "repeat": false,
    "repeatCount": 10
  },
  {
    "op": "core/text-transform",
    "description": "Text transform on cells in column image_id using expression value.toNumber()",
    "engineConfig": {
      "facets": [],
      "mode": "row-based"
    },
    "columnName": "image_id",
    "expression": "value.toNumber()",
    "onError": "keep-original",
    "repeat": false,
    "repeatCount": 10
  },
  {
    "op": "core/text-transform",
    "description": "Text transform on cells in column full_height using expression value.toNumber()",
    "engineConfig": {
      "facets": [],
      "mode": "row-based"
    },
    "columnName": "full_height",
    "expression": "value.toNumber()",
    "onError": "keep-original",
    "repeat": false,
    "repeatCount": 10
  },
  {
    "op": "core/text-transform",
    "description": "Text transform on cells in column full_width using expression value.toNumber()",
    "engineConfig": {
      "facets": [],
      "mode": "row-based"
    },
    "columnName": "full_width",
    "expression": "value.toNumber()",
    "onError": "keep-original",
    "repeat": false,
    "repeatCount": 10
  }
]